[{"name": "Ackbar", "height": "180", "mass": "83", "hair_color": "none", "skin_color": "brown mottle", "eye_color": "orange", "birth_year": "41BBY", "gender": "male", "homeworld": {"name": "Mon Cala", "rotation_period": "21", "orbital_period": "398", "diameter": "11030", "climate": "temperate", "gravity": "1", "terrain": "oceans, reefs, islands", "surface_water": "100", "population": "27000000000"}, "films": [{"title": "Return of the Jedi", "episode_id": 6, "opening_crawl": "Luke Skywalker has returned to\r\nhis home planet of Tatooine in\r\nan attempt to rescue his\r\nfriend Han Solo from the\r\nclutches of the vile gangster\r\nJabba the Hutt.\r\n\r\nLittle does Luke know that the\r\nGALACTIC EMPIRE has secretly\r\nbegun construction on a new\r\narmored space station even\r\nmore powerful than the first\r\ndreaded Death Star.\r\n\r\nWhen completed, this ultimate\r\nweapon will spell certain doom\r\nfor the small band of rebels\r\nstruggling to restore freedom\r\nto the galaxy...", "director": "Richard Marquand", "producer": "Howard G. Kazanjian, George Lucas, Rick McCallum", "release_date": "1983-05-25"}, {"title": "The Force Awakens", "episode_id": 7, "opening_crawl": "Luke Skywalker has vanished.\r\nIn his absence, the sinister\r\nFIRST ORDER has risen from\r\nthe ashes of the Empire\r\nand will not rest until\r\nSkywalker, the last Jedi,\r\nhas been destroyed.\r\n \r\nWith the support of the\r\nREPUBLIC, General Leia Organa\r\nleads a brave RESISTANCE.\r\nShe is desperate to find her\r\nbrother Luke and gain his\r\nhelp in restoring peace and\r\njustice to the galaxy.\r\n \r\nLeia has sent her most daring\r\npilot on a secret mission\r\nto Jakku, where an old ally\r\nhas discovered a clue to\r\nLuke's whereabouts....", "director": "J. J. Abrams", "producer": "Kathleen Kennedy, J. J. Abrams, Bryan Burk", "release_date": "2015-12-11"}], "species": {"name": "Mon Calamari", "classification": "amphibian", "designation": "sentient", "average_height": "160", "skin_colors": "red, blue, brown, magenta", "hair_colors": "none", "eye_colors": "yellow", "average_lifespan": "unknown", "language": "Mon Calamarian"}}]