[{"name": "Boba Fett", "height": "183", "mass": "78.2", "hair_color": "black", "skin_color": "fair", "eye_color": "brown", "birth_year": "31.5BBY", "gender": "male", "homeworld": {"name": "Kamino", "rotation_period": "27", "orbital_period": "463", "diameter": "19720", "climate": "temperate", "gravity": "1 standard", "terrain": "ocean", "surface_water": "100", "population": "1000000000"}, "films": [{"title": "The Empire Strikes Back", "episode_id": 5, "opening_crawl": "It is a dark time for the\r\nRebellion. Although the Death\r\nStar has been destroyed,\r\nImperial troops have driven the\r\nRebel forces from their hidden\r\nbase and pursued them across\r\nthe galaxy.\r\n\r\nEvading the dreaded Imperial\r\nStarfleet, a group of freedom\r\nfighters led by Luke Skywalker\r\nhas established a new secret\r\nbase on the remote ice world\r\nof Hoth.\r\n\r\nThe evil lord Darth Vader,\r\nobsessed with finding young\r\nSkywalker, has dispatched\r\nthousands of remote probes into\r\nthe far reaches of space....", "director": "Irvin Kershner", "producer": "Gary Kurtz, Rick McCallum", "release_date": "1980-05-17"}, {"title": "Attack of the Clones", "episode_id": 2, "opening_crawl": "There is unrest in the Galactic\r\nSenate. Several thousand solar\r\nsystems have declared their\r\nintentions to leave the Republic.\r\n\r\nThis separatist movement,\r\nunder the leadership of the\r\nmysterious Count Dooku, has\r\nmade it difficult for the limited\r\nnumber of Jedi Knights to maintain \r\npeace and order in the galaxy.\r\n\r\nSenator Amidala, the former\r\nQueen of Naboo, is returning\r\nto the Galactic Senate to vote\r\non the critical issue of creating\r\nan ARMY OF THE REPUBLIC\r\nto assist the overwhelmed\r\nJedi....", "director": "George Lucas", "producer": "Rick McCallum", "release_date": "2002-05-16"}, {"title": "Return of the Jedi", "episode_id": 6, "opening_crawl": "Luke Skywalker has returned to\r\nhis home planet of Tatooine in\r\nan attempt to rescue his\r\nfriend Han Solo from the\r\nclutches of the vile gangster\r\nJabba the Hutt.\r\n\r\nLittle does Luke know that the\r\nGALACTIC EMPIRE has secretly\r\nbegun construction on a new\r\narmored space station even\r\nmore powerful than the first\r\ndreaded Death Star.\r\n\r\nWhen completed, this ultimate\r\nweapon will spell certain doom\r\nfor the small band of rebels\r\nstruggling to restore freedom\r\nto the galaxy...", "director": "Richard Marquand", "producer": "Howard G. Kazanjian, George Lucas, Rick McCallum", "release_date": "1983-05-25"}], "species": {"name": "Human", "classification": "mammal", "designation": "sentient", "average_height": "180", "skin_colors": "caucasian, black, asian, hispanic", "hair_colors": "blonde, brown, black, red", "eye_colors": "brown, blue, green, hazel, grey, amber", "average_lifespan": "120", "language": "Galactic Basic"}}]