[{"name": "Bossk", "height": "190", "mass": "113", "hair_color": "none", "skin_color": "green", "eye_color": "red", "birth_year": "53BBY", "gender": "male", "homeworld": {"name": "Trandosha", "rotation_period": "25", "orbital_period": "371", "diameter": "0", "climate": "arid", "gravity": "0.62 standard", "terrain": "mountains, seas, grasslands, deserts", "surface_water": "unknown", "population": "42000000"}, "films": [{"title": "The Empire Strikes Back", "episode_id": 5, "opening_crawl": "It is a dark time for the\r\nRebellion. Although the Death\r\nStar has been destroyed,\r\nImperial troops have driven the\r\nRebel forces from their hidden\r\nbase and pursued them across\r\nthe galaxy.\r\n\r\nEvading the dreaded Imperial\r\nStarfleet, a group of freedom\r\nfighters led by Luke Skywalker\r\nhas established a new secret\r\nbase on the remote ice world\r\nof Hoth.\r\n\r\nThe evil lord Darth Vader,\r\nobsessed with finding young\r\nSkywalker, has dispatched\r\nthousands of remote probes into\r\nthe far reaches of space....", "director": "Irvin Kershner", "producer": "Gary Kurtz, Rick McCallum", "release_date": "1980-05-17"}], "species": {"name": "Trandoshan", "classification": "reptile", "designation": "sentient", "average_height": "200", "skin_colors": "brown, green", "hair_colors": "none", "eye_colors": "yellow, orange", "average_lifespan": "unknown", "language": "Dosh"}}]