[{"name": "Dexter Jettster", "height": "198", "mass": "102", "hair_color": "none", "skin_color": "brown", "eye_color": "yellow", "birth_year": "unknown", "gender": "male", "homeworld": {"name": "Ojom", "rotation_period": "unknown", "orbital_period": "unknown", "diameter": "unknown", "climate": "frigid", "gravity": "unknown", "terrain": "oceans, glaciers", "surface_water": "100", "population": "500000000"}, "films": [{"title": "Attack of the Clones", "episode_id": 2, "opening_crawl": "There is unrest in the Galactic\r\nSenate. Several thousand solar\r\nsystems have declared their\r\nintentions to leave the Republic.\r\n\r\nThis separatist movement,\r\nunder the leadership of the\r\nmysterious Count Dooku, has\r\nmade it difficult for the limited\r\nnumber of Jedi Knights to maintain \r\npeace and order in the galaxy.\r\n\r\nSenator Amidala, the former\r\nQueen of Naboo, is returning\r\nto the Galactic Senate to vote\r\non the critical issue of creating\r\nan ARMY OF THE REPUBLIC\r\nto assist the overwhelmed\r\nJedi....", "director": "George Lucas", "producer": "Rick McCallum", "release_date": "2002-05-16"}], "species": {"name": "Besalisk", "classification": "amphibian", "designation": "sentient", "average_height": "178", "skin_colors": "brown", "hair_colors": "none", "eye_colors": "yellow", "average_lifespan": "75", "language": "besalisk"}}]