[{"name": "Eeth Koth", "height": "171", "mass": "unknown", "hair_color": "black", "skin_color": "brown", "eye_color": "brown", "birth_year": "unknown", "gender": "male", "homeworld": {"name": "Iridonia", "rotation_period": "29", "orbital_period": "413", "diameter": "unknown", "climate": "unknown", "gravity": "unknown", "terrain": "rocky canyons, acid pools", "surface_water": "unknown", "population": "unknown"}, "films": [{"title": "The Phantom Menace", "episode_id": 1, "opening_crawl": "Turmoil has engulfed the\r\nGalactic Republic. The taxation\r\nof trade routes to outlying star\r\nsystems is in dispute.\r\n\r\nHoping to resolve the matter\r\nwith a blockade of deadly\r\nbattleships, the greedy Trade\r\nFederation has stopped all\r\nshipping to the small planet\r\nof Naboo.\r\n\r\nWhile the Congress of the\r\nRepublic endlessly debates\r\nthis alarming chain of events,\r\nthe Supreme Chancellor has\r\nsecretly dispatched two Jedi\r\nKnights, the guardians of\r\npeace and justice in the\r\ngalaxy, to settle the conflict....", "director": "George Lucas", "producer": "Rick McCallum", "release_date": "1999-05-19"}, {"title": "Revenge of the Sith", "episode_id": 3, "opening_crawl": "War! The Republic is crumbling\r\nunder attacks by the ruthless\r\nSith Lord, Count Dooku.\r\nThere are heroes on both sides.\r\nEvil is everywhere.\r\n\r\nIn a stunning move, the\r\nfiendish droid leader, General\r\nGrievous, has swept into the\r\nRepublic capital and kidnapped\r\nChancellor Palpatine, leader of\r\nthe Galactic Senate.\r\n\r\nAs the Separatist Droid Army\r\nattempts to flee the besieged\r\ncapital with their valuable\r\nhostage, two Jedi Knights lead a\r\ndesperate mission to rescue the\r\ncaptive Chancellor....", "director": "George Lucas", "producer": "Rick McCallum", "release_date": "2005-05-19"}], "species": {"name": "Zabrak", "classification": "mammal", "designation": "sentient", "average_height": "180", "skin_colors": "pale, brown, red, orange, yellow", "hair_colors": "black", "eye_colors": "brown, orange", "average_lifespan": "unknown", "language": "Zabraki"}}]