[{"name": "Finn", "height": "unknown", "mass": "unknown", "hair_color": "black", "skin_color": "dark", "eye_color": "dark", "birth_year": "unknown", "gender": "male", "homeworld": {"name": "unknown", "rotation_period": "0", "orbital_period": "0", "diameter": "0", "climate": "unknown", "gravity": "unknown", "terrain": "unknown", "surface_water": "unknown", "population": "unknown"}, "films": [{"title": "The Force Awakens", "episode_id": 7, "opening_crawl": "Luke Skywalker has vanished.\r\nIn his absence, the sinister\r\nFIRST ORDER has risen from\r\nthe ashes of the Empire\r\nand will not rest until\r\nSkywalker, the last Jedi,\r\nhas been destroyed.\r\n \r\nWith the support of the\r\nREPUBLIC, General Leia Organa\r\nleads a brave RESISTANCE.\r\nShe is desperate to find her\r\nbrother Luke and gain his\r\nhelp in restoring peace and\r\njustice to the galaxy.\r\n \r\nLeia has sent her most daring\r\npilot on a secret mission\r\nto Jakku, where an old ally\r\nhas discovered a clue to\r\nLuke's whereabouts....", "director": "J. J. Abrams", "producer": "Kathleen Kennedy, J. J. Abrams, Bryan Burk", "release_date": "2015-12-11"}], "species": {"name": "Human", "classification": "mammal", "designation": "sentient", "average_height": "180", "skin_colors": "caucasian, black, asian, hispanic", "hair_colors": "blonde, brown, black, red", "eye_colors": "brown, blue, green, hazel, grey, amber", "average_lifespan": "120", "language": "Galactic Basic"}}]