[{"name": "Greedo", "height": "173", "mass": "74", "hair_color": "n/a", "skin_color": "green", "eye_color": "black", "birth_year": "44BBY", "gender": "male", "homeworld": {"name": "Rodia", "rotation_period": "29", "orbital_period": "305", "diameter": "7549", "climate": "hot", "gravity": "1 standard", "terrain": "jungles, oceans, urban, swamps", "surface_water": "60", "population": "1300000000"}, "films": [{"title": "A New Hope", "episode_id": 4, "opening_crawl": "It is a period of civil war.\r\nRebel spaceships, striking\r\nfrom a hidden base, have won\r\ntheir first victory against\r\nthe evil Galactic Empire.\r\n\r\nDuring the battle, Rebel\r\nspies managed to steal secret\r\nplans to the Empire's\r\nultimate weapon, the DEATH\r\nSTAR, an armored space\r\nstation with enough power\r\nto destroy an entire planet.\r\n\r\nPursued by the Empire's\r\nsinister agents, Princess\r\nLeia races home aboard her\r\nstarship, custodian of the\r\nstolen plans that can save her\r\npeople and restore\r\nfreedom to the galaxy....", "director": "George Lucas", "producer": "Gary Kurtz, Rick McCallum", "release_date": "1977-05-25"}], "species": {"name": "Rodian", "classification": "sentient", "designation": "reptilian", "average_height": "170", "skin_colors": "green, blue", "hair_colors": "n/a", "eye_colors": "black", "average_lifespan": "unknown", "language": "Galactic Basic"}}]