[{"name": "Grievous", "height": "216", "mass": "159", "hair_color": "none", "skin_color": "brown, white", "eye_color": "green, yellow", "birth_year": "unknown", "gender": "male", "homeworld": {"name": "Kalee", "rotation_period": "23", "orbital_period": "378", "diameter": "13850", "climate": "arid, temperate, tropical", "gravity": "1", "terrain": "rainforests, cliffs, canyons, seas", "surface_water": "unknown", "population": "4000000000"}, "films": [{"title": "Revenge of the Sith", "episode_id": 3, "opening_crawl": "War! The Republic is crumbling\r\nunder attacks by the ruthless\r\nSith Lord, Count Dooku.\r\nThere are heroes on both sides.\r\nEvil is everywhere.\r\n\r\nIn a stunning move, the\r\nfiendish droid leader, General\r\nGrievous, has swept into the\r\nRepublic capital and kidnapped\r\nChancellor Palpatine, leader of\r\nthe Galactic Senate.\r\n\r\nAs the Separatist Droid Army\r\nattempts to flee the besieged\r\ncapital with their valuable\r\nhostage, two Jedi Knights lead a\r\ndesperate mission to rescue the\r\ncaptive Chancellor....", "director": "George Lucas", "producer": "Rick McCallum", "release_date": "2005-05-19"}], "species": {"name": "Kaleesh", "classification": "reptile", "designation": "sentient", "average_height": "170", "skin_colors": "brown, orange, tan", "hair_colors": "none", "eye_colors": "yellow", "average_lifespan": "80", "language": "Kaleesh"}}]