[{"name": "IG-88", "height": "200", "mass": "140", "hair_color": "none", "skin_color": "metal", "eye_color": "red", "birth_year": "15BBY", "gender": "none", "homeworld": {"name": "unknown", "rotation_period": "0", "orbital_period": "0", "diameter": "0", "climate": "unknown", "gravity": "unknown", "terrain": "unknown", "surface_water": "unknown", "population": "unknown"}, "films": [{"title": "The Empire Strikes Back", "episode_id": 5, "opening_crawl": "It is a dark time for the\r\nRebellion. Although the Death\r\nStar has been destroyed,\r\nImperial troops have driven the\r\nRebel forces from their hidden\r\nbase and pursued them across\r\nthe galaxy.\r\n\r\nEvading the dreaded Imperial\r\nStarfleet, a group of freedom\r\nfighters led by Luke Skywalker\r\nhas established a new secret\r\nbase on the remote ice world\r\nof Hoth.\r\n\r\nThe evil lord Darth Vader,\r\nobsessed with finding young\r\nSkywalker, has dispatched\r\nthousands of remote probes into\r\nthe far reaches of space....", "director": "Irvin Kershner", "producer": "Gary Kurtz, Rick McCallum", "release_date": "1980-05-17"}], "species": {"name": "Droid", "classification": "artificial", "designation": "sentient", "average_height": "n/a", "skin_colors": "n/a", "hair_colors": "n/a", "eye_colors": "n/a", "average_lifespan": "indefinite", "language": "n/a"}}]