[{"name": "Leia Organa", "height": "150", "mass": "49", "hair_color": "brown", "skin_color": "light", "eye_color": "brown", "birth_year": "19BBY", "gender": "female", "homeworld": {"name": "Alderaan", "rotation_period": "24", "orbital_period": "364", "diameter": "12500", "climate": "temperate", "gravity": "1 standard", "terrain": "grasslands, mountains", "surface_water": "40", "population": "2000000000"}, "films": [{"title": "The Empire Strikes Back", "episode_id": 5, "opening_crawl": "It is a dark time for the\r\nRebellion. Although the Death\r\nStar has been destroyed,\r\nImperial troops have driven the\r\nRebel forces from their hidden\r\nbase and pursued them across\r\nthe galaxy.\r\n\r\nEvading the dreaded Imperial\r\nStarfleet, a group of freedom\r\nfighters led by Luke Skywalker\r\nhas established a new secret\r\nbase on the remote ice world\r\nof Hoth.\r\n\r\nThe evil lord Darth Vader,\r\nobsessed with finding young\r\nSkywalker, has dispatched\r\nthousands of remote probes into\r\nthe far reaches of space....", "director": "Irvin Kershner", "producer": "Gary Kurtz, Rick McCallum", "release_date": "1980-05-17"}, {"title": "Revenge of the Sith", "episode_id": 3, "opening_crawl": "War! The Republic is crumbling\r\nunder attacks by the ruthless\r\nSith Lord, Count Dooku.\r\nThere are heroes on both sides.\r\nEvil is everywhere.\r\n\r\nIn a stunning move, the\r\nfiendish droid leader, General\r\nGrievous, has swept into the\r\nRepublic capital and kidnapped\r\nChancellor Palpatine, leader of\r\nthe Galactic Senate.\r\n\r\nAs the Separatist Droid Army\r\nattempts to flee the besieged\r\ncapital with their valuable\r\nhostage, two Jedi Knights lead a\r\ndesperate mission to rescue the\r\ncaptive Chancellor....", "director": "George Lucas", "producer": "Rick McCallum", "release_date": "2005-05-19"}, {"title": "Return of the Jedi", "episode_id": 6, "opening_crawl": "Luke Skywalker has returned to\r\nhis home planet of Tatooine in\r\nan attempt to rescue his\r\nfriend Han Solo from the\r\nclutches of the vile gangster\r\nJabba the Hutt.\r\n\r\nLittle does Luke know that the\r\nGALACTIC EMPIRE has secretly\r\nbegun construction on a new\r\narmored space station even\r\nmore powerful than the first\r\ndreaded Death Star.\r\n\r\nWhen completed, this ultimate\r\nweapon will spell certain doom\r\nfor the small band of rebels\r\nstruggling to restore freedom\r\nto the galaxy...", "director": "Richard Marquand", "producer": "Howard G. Kazanjian, George Lucas, Rick McCallum", "release_date": "1983-05-25"}, {"title": "A New Hope", "episode_id": 4, "opening_crawl": "It is a period of civil war.\r\nRebel spaceships, striking\r\nfrom a hidden base, have won\r\ntheir first victory against\r\nthe evil Galactic Empire.\r\n\r\nDuring the battle, Rebel\r\nspies managed to steal secret\r\nplans to the Empire's\r\nultimate weapon, the DEATH\r\nSTAR, an armored space\r\nstation with enough power\r\nto destroy an entire planet.\r\n\r\nPursued by the Empire's\r\nsinister agents, Princess\r\nLeia races home aboard her\r\nstarship, custodian of the\r\nstolen plans that can save her\r\npeople and restore\r\nfreedom to the galaxy....", "director": "George Lucas", "producer": "Gary Kurtz, Rick McCallum", "release_date": "1977-05-25"}, {"title": "The Force Awakens", "episode_id": 7, "opening_crawl": "Luke Skywalker has vanished.\r\nIn his absence, the sinister\r\nFIRST ORDER has risen from\r\nthe ashes of the Empire\r\nand will not rest until\r\nSkywalker, the last Jedi,\r\nhas been destroyed.\r\n \r\nWith the support of the\r\nREPUBLIC, General Leia Organa\r\nleads a brave RESISTANCE.\r\nShe is desperate to find her\r\nbrother Luke and gain his\r\nhelp in restoring peace and\r\njustice to the galaxy.\r\n \r\nLeia has sent her most daring\r\npilot on a secret mission\r\nto Jakku, where an old ally\r\nhas discovered a clue to\r\nLuke's whereabouts....", "director": "J. J. Abrams", "producer": "Kathleen Kennedy, J. J. Abrams, Bryan Burk", "release_date": "2015-12-11"}], "species": {"name": "Human", "classification": "mammal", "designation": "sentient", "average_height": "180", "skin_colors": "caucasian, black, asian, hispanic", "hair_colors": "blonde, brown, black, red", "eye_colors": "brown, blue, green, hazel, grey, amber", "average_lifespan": "120", "language": "Galactic Basic"}}]