[{"name": "Owen Lars", "height": "178", "mass": "120", "hair_color": "brown, grey", "skin_color": "light", "eye_color": "blue", "birth_year": "52BBY", "gender": "male", "homeworld": {"name": "Tatooine", "rotation_period": "23", "orbital_period": "304", "diameter": "10465", "climate": "arid", "gravity": "1 standard", "terrain": "desert", "surface_water": "1", "population": "200000"}, "films": [{"title": "Attack of the Clones", "episode_id": 2, "opening_crawl": "There is unrest in the Galactic\r\nSenate. Several thousand solar\r\nsystems have declared their\r\nintentions to leave the Republic.\r\n\r\nThis separatist movement,\r\nunder the leadership of the\r\nmysterious Count Dooku, has\r\nmade it difficult for the limited\r\nnumber of Jedi Knights to maintain \r\npeace and order in the galaxy.\r\n\r\nSenator Amidala, the former\r\nQueen of Naboo, is returning\r\nto the Galactic Senate to vote\r\non the critical issue of creating\r\nan ARMY OF THE REPUBLIC\r\nto assist the overwhelmed\r\nJedi....", "director": "George Lucas", "producer": "Rick McCallum", "release_date": "2002-05-16"}, {"title": "Revenge of the Sith", "episode_id": 3, "opening_crawl": "War! The Republic is crumbling\r\nunder attacks by the ruthless\r\nSith Lord, Count Dooku.\r\nThere are heroes on both sides.\r\nEvil is everywhere.\r\n\r\nIn a stunning move, the\r\nfiendish droid leader, General\r\nGrievous, has swept into the\r\nRepublic capital and kidnapped\r\nChancellor Palpatine, leader of\r\nthe Galactic Senate.\r\n\r\nAs the Separatist Droid Army\r\nattempts to flee the besieged\r\ncapital with their valuable\r\nhostage, two Jedi Knights lead a\r\ndesperate mission to rescue the\r\ncaptive Chancellor....", "director": "George Lucas", "producer": "Rick McCallum", "release_date": "2005-05-19"}, {"title": "A New Hope", "episode_id": 4, "opening_crawl": "It is a period of civil war.\r\nRebel spaceships, striking\r\nfrom a hidden base, have won\r\ntheir first victory against\r\nthe evil Galactic Empire.\r\n\r\nDuring the battle, Rebel\r\nspies managed to steal secret\r\nplans to the Empire's\r\nultimate weapon, the DEATH\r\nSTAR, an armored space\r\nstation with enough power\r\nto destroy an entire planet.\r\n\r\nPursued by the Empire's\r\nsinister agents, Princess\r\nLeia races home aboard her\r\nstarship, custodian of the\r\nstolen plans that can save her\r\npeople and restore\r\nfreedom to the galaxy....", "director": "George Lucas", "producer": "Gary Kurtz, Rick McCallum", "release_date": "1977-05-25"}], "species": {"name": "Human", "classification": "mammal", "designation": "sentient", "average_height": "180", "skin_colors": "caucasian, black, asian, hispanic", "hair_colors": "blonde, brown, black, red", "eye_colors": "brown, blue, green, hazel, grey, amber", "average_lifespan": "120", "language": "Galactic Basic"}}]