[{"name": "Raymus Antilles", "height": "188", "mass": "79", "hair_color": "brown", "skin_color": "light", "eye_color": "brown", "birth_year": "unknown", "gender": "male", "homeworld": {"name": "Alderaan", "rotation_period": "24", "orbital_period": "364", "diameter": "12500", "climate": "temperate", "gravity": "1 standard", "terrain": "grasslands, mountains", "surface_water": "40", "population": "2000000000"}, "films": [{"title": "Revenge of the Sith", "episode_id": 3, "opening_crawl": "War! The Republic is crumbling\r\nunder attacks by the ruthless\r\nSith Lord, Count Dooku.\r\nThere are heroes on both sides.\r\nEvil is everywhere.\r\n\r\nIn a stunning move, the\r\nfiendish droid leader, General\r\nGrievous, has swept into the\r\nRepublic capital and kidnapped\r\nChancellor Palpatine, leader of\r\nthe Galactic Senate.\r\n\r\nAs the Separatist Droid Army\r\nattempts to flee the besieged\r\ncapital with their valuable\r\nhostage, two Jedi Knights lead a\r\ndesperate mission to rescue the\r\ncaptive Chancellor....", "director": "George Lucas", "producer": "Rick McCallum", "release_date": "2005-05-19"}, {"title": "A New Hope", "episode_id": 4, "opening_crawl": "It is a period of civil war.\r\nRebel spaceships, striking\r\nfrom a hidden base, have won\r\ntheir first victory against\r\nthe evil Galactic Empire.\r\n\r\nDuring the battle, Rebel\r\nspies managed to steal secret\r\nplans to the Empire's\r\nultimate weapon, the DEATH\r\nSTAR, an armored space\r\nstation with enough power\r\nto destroy an entire planet.\r\n\r\nPursued by the Empire's\r\nsinister agents, Princess\r\nLeia races home aboard her\r\nstarship, custodian of the\r\nstolen plans that can save her\r\npeople and restore\r\nfreedom to the galaxy....", "director": "George Lucas", "producer": "Gary Kurtz, Rick McCallum", "release_date": "1977-05-25"}], "species": {"name": "Human", "classification": "mammal", "designation": "sentient", "average_height": "180", "skin_colors": "caucasian, black, asian, hispanic", "hair_colors": "blonde, brown, black, red", "eye_colors": "brown, blue, green, hazel, grey, amber", "average_lifespan": "120", "language": "Galactic Basic"}}]