[{"name": "Ric Oli\u00e9", "height": "183", "mass": "unknown", "hair_color": "brown", "skin_color": "fair", "eye_color": "blue", "birth_year": "unknown", "gender": "male", "homeworld": {"name": "Naboo", "rotation_period": "26", "orbital_period": "312", "diameter": "12120", "climate": "temperate", "gravity": "1 standard", "terrain": "grassy hills, swamps, forests, mountains", "surface_water": "12", "population": "4500000000"}, "films": [{"title": "The Phantom Menace", "episode_id": 1, "opening_crawl": "Turmoil has engulfed the\r\nGalactic Republic. The taxation\r\nof trade routes to outlying star\r\nsystems is in dispute.\r\n\r\nHoping to resolve the matter\r\nwith a blockade of deadly\r\nbattleships, the greedy Trade\r\nFederation has stopped all\r\nshipping to the small planet\r\nof Naboo.\r\n\r\nWhile the Congress of the\r\nRepublic endlessly debates\r\nthis alarming chain of events,\r\nthe Supreme Chancellor has\r\nsecretly dispatched two Jedi\r\nKnights, the guardians of\r\npeace and justice in the\r\ngalaxy, to settle the conflict....", "director": "George Lucas", "producer": "Rick McCallum", "release_date": "1999-05-19"}], "species": []}]