[{"name": "Watto", "height": "137", "mass": "unknown", "hair_color": "black", "skin_color": "blue, grey", "eye_color": "yellow", "birth_year": "unknown", "gender": "male", "homeworld": {"name": "Toydaria", "rotation_period": "21", "orbital_period": "184", "diameter": "7900", "climate": "temperate", "gravity": "1", "terrain": "swamps, lakes", "surface_water": "unknown", "population": "11000000"}, "films": [{"title": "Attack of the Clones", "episode_id": 2, "opening_crawl": "There is unrest in the Galactic\r\nSenate. Several thousand solar\r\nsystems have declared their\r\nintentions to leave the Republic.\r\n\r\nThis separatist movement,\r\nunder the leadership of the\r\nmysterious Count Dooku, has\r\nmade it difficult for the limited\r\nnumber of Jedi Knights to maintain \r\npeace and order in the galaxy.\r\n\r\nSenator Amidala, the former\r\nQueen of Naboo, is returning\r\nto the Galactic Senate to vote\r\non the critical issue of creating\r\nan ARMY OF THE REPUBLIC\r\nto assist the overwhelmed\r\nJedi....", "director": "George Lucas", "producer": "Rick McCallum", "release_date": "2002-05-16"}, {"title": "The Phantom Menace", "episode_id": 1, "opening_crawl": "Turmoil has engulfed the\r\nGalactic Republic. The taxation\r\nof trade routes to outlying star\r\nsystems is in dispute.\r\n\r\nHoping to resolve the matter\r\nwith a blockade of deadly\r\nbattleships, the greedy Trade\r\nFederation has stopped all\r\nshipping to the small planet\r\nof Naboo.\r\n\r\nWhile the Congress of the\r\nRepublic endlessly debates\r\nthis alarming chain of events,\r\nthe Supreme Chancellor has\r\nsecretly dispatched two Jedi\r\nKnights, the guardians of\r\npeace and justice in the\r\ngalaxy, to settle the conflict....", "director": "George Lucas", "producer": "Rick McCallum", "release_date": "1999-05-19"}], "species": {"name": "Toydarian", "classification": "mammal", "designation": "sentient", "average_height": "120", "skin_colors": "blue, green, grey", "hair_colors": "none", "eye_colors": "yellow", "average_lifespan": "91", "language": "Toydarian"}}]