[{"name": "Wedge Antilles", "height": "170", "mass": "77", "hair_color": "brown", "skin_color": "fair", "eye_color": "hazel", "birth_year": "21BBY", "gender": "male", "homeworld": {"name": "Corellia", "rotation_period": "25", "orbital_period": "329", "diameter": "11000", "climate": "temperate", "gravity": "1 standard", "terrain": "plains, urban, hills, forests", "surface_water": "70", "population": "3000000000"}, "films": [{"title": "The Empire Strikes Back", "episode_id": 5, "opening_crawl": "It is a dark time for the\r\nRebellion. Although the Death\r\nStar has been destroyed,\r\nImperial troops have driven the\r\nRebel forces from their hidden\r\nbase and pursued them across\r\nthe galaxy.\r\n\r\nEvading the dreaded Imperial\r\nStarfleet, a group of freedom\r\nfighters led by Luke Skywalker\r\nhas established a new secret\r\nbase on the remote ice world\r\nof Hoth.\r\n\r\nThe evil lord Darth Vader,\r\nobsessed with finding young\r\nSkywalker, has dispatched\r\nthousands of remote probes into\r\nthe far reaches of space....", "director": "Irvin Kershner", "producer": "Gary Kurtz, Rick McCallum", "release_date": "1980-05-17"}, {"title": "Return of the Jedi", "episode_id": 6, "opening_crawl": "Luke Skywalker has returned to\r\nhis home planet of Tatooine in\r\nan attempt to rescue his\r\nfriend Han Solo from the\r\nclutches of the vile gangster\r\nJabba the Hutt.\r\n\r\nLittle does Luke know that the\r\nGALACTIC EMPIRE has secretly\r\nbegun construction on a new\r\narmored space station even\r\nmore powerful than the first\r\ndreaded Death Star.\r\n\r\nWhen completed, this ultimate\r\nweapon will spell certain doom\r\nfor the small band of rebels\r\nstruggling to restore freedom\r\nto the galaxy...", "director": "Richard Marquand", "producer": "Howard G. Kazanjian, George Lucas, Rick McCallum", "release_date": "1983-05-25"}, {"title": "A New Hope", "episode_id": 4, "opening_crawl": "It is a period of civil war.\r\nRebel spaceships, striking\r\nfrom a hidden base, have won\r\ntheir first victory against\r\nthe evil Galactic Empire.\r\n\r\nDuring the battle, Rebel\r\nspies managed to steal secret\r\nplans to the Empire's\r\nultimate weapon, the DEATH\r\nSTAR, an armored space\r\nstation with enough power\r\nto destroy an entire planet.\r\n\r\nPursued by the Empire's\r\nsinister agents, Princess\r\nLeia races home aboard her\r\nstarship, custodian of the\r\nstolen plans that can save her\r\npeople and restore\r\nfreedom to the galaxy....", "director": "George Lucas", "producer": "Gary Kurtz, Rick McCallum", "release_date": "1977-05-25"}], "species": {"name": "Human", "classification": "mammal", "designation": "sentient", "average_height": "180", "skin_colors": "caucasian, black, asian, hispanic", "hair_colors": "blonde, brown, black, red", "eye_colors": "brown, blue, green, hazel, grey, amber", "average_lifespan": "120", "language": "Galactic Basic"}}]